{
    "loss": 0.4185563325881958,
    "accuracy": 0.9215686321258545
}