{
    "loss": 13.787700653076172,
    "accuracy": 0.4313725531101227
}